{"30.21379628978764,-92.04920768737793:30.20752864886453,-92.05830574035645":129,"30.159952036854943,-92.04577445983887:30.156371268855935,-92.03865051269531":191,"30.201056612575528,-92.04525947570801:30.102607024103097,-92.05151438713074":1263,"30.201056612575528,-92.04525947570801:30.16833757530847,-92.06987142562866":640,"30.21570617200521,-92.02313661575317:30.21620681460864,-92.0141351222992":206,"30.157892647311822,-92.04937934875488:30.162605060886328,-92.03835010528564":265,"30.21570617200521,-92.02313661575317:30.217078297507587,-92.01676905155182":198,"30.21570617200521,-92.02313661575317:30.217764353082146,-92.02777683734894":204,"30.30620685572504,-92.02775001525879:30.21259100522987,-92.02853322029114":898,"30.157892647311822,-92.04937934875488:30.20623056682228,-92.02862977981567":902,"30.169283686414968,-92.01972484588623:30.186701638439523,-92.02147364616394":385,"30.157892647311822,-92.04937934875488:30.21720809217243,-92.03206300735474":1030,"30.201056612575528,-92.04525947570801:30.199350446173533,-92.0458710193634":34,"30.10886277474438,-92.01124906539917:30.10364658280306,-92.00849175453186":124,"30.208848,-92.065995:30.21379628978764,-92.04920768737793":242,"30.187202428577134,-92.07856178283691:30.21379628978764,-92.04920768737793":500,"30.15967374348411,-92.04877853393555:30.21379628978764,-92.04920768737793":831,"30.202781294209714,-92.01959609985352:30.21379628978764,-92.04920768737793":441,"30.208848,-92.065995:30.159952036854943,-92.04577445983887":793,"30.187202428577134,-92.07856178283691:30.159952036854943,-92.04577445983887":760,"30.15967374348411,-92.04877853393555:30.159952036854943,-92.04577445983887":205,"30.202781294209714,-92.01959609985352:30.159952036854943,-92.04577445983887":700,"30.208848,-92.065995:30.21570617200521,-92.02313661575317":595,"30.187202428577134,-92.07856178283691:30.21570617200521,-92.02313661575317":854,"30.15967374348411,-92.04877853393555:30.21570617200521,-92.02313661575317":1048,"30.202781294209714,-92.01959609985352:30.21570617200521,-92.02313661575317":359,"30.208848,-92.065995:30.201056612575528,-92.04525947570801":350,"30.187202428577134,-92.07856178283691:30.201056612575528,-92.04525947570801":624,"30.15967374348411,-92.04877853393555:30.201056612575528,-92.04525947570801":719,"30.202781294209714,-92.01959609985352:30.201056612575528,-92.04525947570801":371,"30.208848,-92.065995:30.157892647311822,-92.04937934875488":855,"30.187202428577134,-92.07856178283691:30.157892647311822,-92.04937934875488":639,"30.15967374348411,-92.04877853393555:30.157892647311822,-92.04937934875488":141,"30.202781294209714,-92.01959609985352:30.157892647311822,-92.04937934875488":774,"30.208848,-92.065995:30.169283686414968,-92.01972484588623":901,"30.187202428577134,-92.07856178283691:30.169283686414968,-92.01972484588623":954,"30.15967374348411,-92.04877853393555:30.169283686414968,-92.01972484588623":533,"30.202781294209714,-92.01959609985352:30.169283686414968,-92.01972484588623":571,"30.208848,-92.065995:30.30620685572504,-92.02775001525879":959,"30.187202428577134,-92.07856178283691:30.30620685572504,-92.02775001525879":1207,"30.15967374348411,-92.04877853393555:30.30620685572504,-92.02775001525879":1596,"30.202781294209714,-92.01959609985352:30.30620685572504,-92.02775001525879":1025,"30.208848,-92.065995:30.10886277474438,-92.01124906539917":1326,"30.187202428577134,-92.07856178283691:30.10886277474438,-92.01124906539917":1192,"30.15967374348411,-92.04877853393555:30.10886277474438,-92.01124906539917":755,"30.202781294209714,-92.01959609985352:30.10886277474438,-92.01124906539917":1090,"30.161352,-92.004959:30.1651,-92.059421":789,"30.204463,-92.020923:30.192008,-92.032789":216,"30.173392,-92.001987:30.215734,-92.062583":947,"30.194555,-92.067645:30.199944,-92.074516":239,"30.190008,-92.034498:30.21006,-92.002237":561,"30.174729,-92.019257:30.192403,-92.028162":370,"30.223074,-92.023531:30.208493,-92.013229":426,"30.158188,-92.067601:30.159736,-92.033519":702,"30.239149,-92.02873:30.23767,-92.012451":281,"30.195494,-92.036551:30.170582,-92.017669":740,"30.183821,-92.08468:30.244483,-92.066591":924,"30.203559,-92.063832:30.188704,-92.03672":497,"30.220129,-92.028295:30.244321,-92.005574":557,"30.163913,-92.004045:30.172165,-92.012555":473,"30.176317,-92.072931:30.228388,-92.027021":774,"30.213257,-92.08398:30.235459,-92.039525":491,"30.191753,-92.033264:30.165964,-92.041061":517,"30.162175,-92.040035:30.178395,-92.057757":668,"30.18809,-92.00593:30.162774,-92.044961":584,"30.19292,-92.024615:30.201246,-92.059236":545,"30.208848,-92.065995:30.204463,-92.020923":587,"30.187202428577134,-92.07856178283691:30.204463,-92.020923":861,"30.15967374348411,-92.04877853393555:30.204463,-92.020923":861,"30.202781294209714,-92.01959609985352:30.204463,-92.020923":44,"30.208848,-92.065995:30.161352,-92.004959":1125,"30.187202428577134,-92.07856178283691:30.161352,-92.004959":1178,"30.15967374348411,-92.04877853393555:30.161352,-92.004959":756,"30.208848,-92.065995:30.194555,-92.067645":365,"30.187202428577134,-92.07856178283691:30.194555,-92.067645":369,"30.187202428577134,-92.07856178283691:30.173392,-92.001987":1147,"30.192008,-92.032789:30.190008,-92.034498":111,"30.199944,-92.074516:30.174729,-92.019257":868,"30.21006,-92.002237:30.239149,-92.02873":694,"30.1651,-92.059421:30.223074,-92.023531":1013,"30.192403,-92.028162:30.163913,-92.004045":647,"30.23767,-92.012451:30.203559,-92.063832":851,"30.215734,-92.062583:30.220129,-92.028295":442,"30.172165,-92.012555:30.158188,-92.067601":1113,"30.208493,-92.013229:30.213257,-92.08398":924,"30.244321,-92.005574:30.195494,-92.036551":916,"30.188704,-92.03672:30.176317,-92.072931":636,"30.235459,-92.039525:30.183821,-92.08468":741,"30.228388,-92.027021:30.191753,-92.033264":622,"30.170582,-92.017669:30.19292,-92.024615":741,"30.159736,-92.033519:30.18809,-92.00593":548,"30.165964,-92.041061:30.162175,-92.040035":134,"30.192008,-92.032789:30.161352,-92.004959":783,"30.208848,-92.065995:30.174729,-92.019257":933,"30.187202428577134,-92.07856178283691:30.174729,-92.019257":987,"30.15967374348411,-92.04877853393555:30.174729,-92.019257":564,"30.192008,-92.032789:30.174729,-92.019257":617,"30.208848,-92.065995:30.239149,-92.02873":595,"30.187202428577134,-92.07856178283691:30.239149,-92.02873":938,"30.192008,-92.032789:30.239149,-92.02873":820,"30.187202428577134,-92.07856178283691:30.223074,-92.023531":886,"30.192008,-92.032789:30.223074,-92.023531":639,"30.187202428577134,-92.07856178283691:30.163913,-92.004045":1196,"30.192403,-92.028162:30.220129,-92.028295":842,"30.208493,-92.013229:30.158188,-92.067601":1264,"30.188704,-92.03672:30.213257,-92.08398":711,"30.172165,-92.012555:30.213257,-92.08398":1162,"30.244321,-92.005574:30.213257,-92.08398":905,"30.2325,-92.006846:30.23548,-92.002304":147,"30.169941,-92.063489:30.165256,-92.082436":366,"30.159882,-92.052871:30.202724,-92.031039":881,"30.173168,-92.004949:30.205966,-92.046351":808,"30.196048,-92.007712:30.204756,-92.035714":434,"30.226814,-92.024796:30.231356,-91.997912":474,"30.232447,-92.084342:30.156579,-92.036403":1170,"30.196906,-92.030405:30.217832,-92.018562":472,"30.240138,-92.00684:30.183859,-92.081993":1110,"30.220028,-92.017094:30.234047,-92.010848":313,"30.208848,-92.065995:30.2325,-92.006846":805,"30.187202428577134,-92.07856178283691:30.2325,-92.006846":1072,"30.15967374348411,-92.04877853393555:30.2325,-92.006846":1172,"30.202781294209714,-92.01959609985352:30.2325,-92.006846":601,"30.208848,-92.065995:30.226814,-92.024796":536,"30.187202428577134,-92.07856178283691:30.226814,-92.024796":794,"30.15967374348411,-92.04877853393555:30.226814,-92.024796":1125,"30.202781294209714,-92.01959609985352:30.226814,-92.024796":487,"30.208848,-92.065995:30.240138,-92.00684":837,"30.187202428577134,-92.07856178283691:30.240138,-92.00684":1095,"30.15967374348411,-92.04877853393555:30.240138,-92.00684":1208,"30.202781294209714,-92.01959609985352:30.240138,-92.00684":637,